{"cameraMode":{"drawMode":0,"name":"Shaded","section":"Shading Mode"},"sceneLighting":true,"audioPlay":false,"sceneViewState":{"showFog":true,"showMaterialUpdate":false,"showSkybox":true,"showFlares":true,"showImageEffects":true,"showParticleSystems":true},"in2DMode":false,"pivot":{"x":-13.804874420166016,"y":-0.7236699461936951,"z":55.400848388671878},"rotation":{"x":0.016492316499352456,"y":-0.029093550518155099,"z":0.0004801987379323691,"w":0.9994421005249023},"size":75.68553924560547,"orthographic":false}