{"cameraMode":{"drawMode":0,"name":"Shaded","section":"Shading Mode"},"sceneLighting":true,"audioPlay":false,"sceneViewState":{"showFog":true,"showMaterialUpdate":false,"showSkybox":true,"showFlares":true,"showImageEffects":true,"showParticleSystems":true},"in2DMode":false,"pivot":{"x":4.889168739318848,"y":-0.5881980657577515,"z":50.69746398925781},"rotation":{"x":0.10642985999584198,"y":0.7008998990058899,"z":-0.10700473189353943,"w":0.6971198916435242},"size":4.995448589324951,"orthographic":false}