{"cameraMode":{"drawMode":0,"name":"Shaded","section":"Shading Mode"},"sceneLighting":false,"audioPlay":false,"sceneViewState":{"showFog":true,"showMaterialUpdate":false,"showSkybox":false,"showFlares":true,"showImageEffects":true,"showParticleSystems":true},"in2DMode":false,"pivot":{"x":-7.8436431884765629,"y":3.09556245803833,"z":48.77766036987305},"rotation":{"x":0.28269675374031069,"y":-0.16358141601085664,"z":0.04899311438202858,"w":0.9438884258270264},"size":13.848124504089356,"orthographic":false}