{"cameraMode":{"drawMode":0,"name":"Shaded","section":"Shading Mode"},"sceneLighting":false,"audioPlay":false,"sceneViewState":{"showFog":true,"showMaterialUpdate":true,"showSkybox":false,"showFlares":true,"showImageEffects":true,"showParticleSystems":true},"in2DMode":false,"pivot":{"x":-0.12800002098083497,"y":-0.37300002574920657,"z":49.625999450683597},"rotation":{"x":0.09436015784740448,"y":-0.0023859282955527307,"z":0.00023343772045336664,"w":0.9955482482910156},"size":1.4289418458938599,"orthographic":true}